question,answer
什么是越位,越位是指进攻方球员在传球的瞬间，比倒数第二名防守球员（通常是最后一名除门将外的防守球员）更靠近对方球门线，并且处于对方半场。简单说就是"传球时接球队员跑太快了"！越位规则是为了防止进攻球员一直"偷懒"等在对方门前。
什么是点球,点球是足球比赛中一种恢复比赛的方式。当防守方在己方禁区内犯规，裁判会判罚点球。罚球点距离球门11米，只有罚球队员和守门员可以在禁区内。点球进球概率约75%，是足球中最直接的得分方式！
什么是VAR,视频助理裁判（Video Assistant Referee），通过视频回放帮助主裁判纠正四种情况：进球是否有效、是否应该判罚点球、是否应该出示红牌、以及认错球员。VAR让比赛更公平，但有时候会让庆祝进球变得"提心吊胆"！
世界杯几年一次,世界杯每四年举办一次。最近一届是2022年卡塔尔世界杯，下一届是2026年美加墨世界杯。这是全球最受关注的体育赛事之一！
什么是帽子戏法,帽子戏法是指一名球员在一场比赛中打进三个进球！这是对球员实力的极高认可。如果三个进球是用左脚、右脚和头球分别打进，叫"完美帽子戏法"。如果有球员一场进5个球，那叫"五子登科"！
足球比赛多长时间,标准足球比赛时间为90分钟，分为上下半场各45分钟，中间休息15分钟。如果淘汰赛打平，会有30分钟加时赛。加时赛后仍平局，则通过点球大战决出胜负。实际比赛通常会有几分钟的伤停补时。
什么是欧冠,欧洲冠军联赛（UEFA Champions League）是欧洲俱乐部足球最高水平的赛事，被称为"欧冠"。每年由欧洲各国联赛的顶尖俱乐部参加，决赛是全球收视率最高的年度体育赛事之一。
什么是英超,英格兰足球超级联赛（Premier League）是英格兰最高级别的足球联赛，也是世界上最具观赏性和商业价值的足球联赛之一。以快节奏、高强度对抗著称，拥有曼联、利物浦、阿森纳、曼城、切尔西等世界级豪门。
什么是德比,德比是指同一城市或同一地区的两支球队之间的比赛。比如曼彻斯特德比（曼联vs曼城）、米兰德比（AC米兰vs国际米兰）。德比战的激烈程度往往超过普通比赛，因为牵扯到城市的荣誉和球迷的情感！
什么是红黄牌,红牌和黄牌是裁判用来处罚球员犯规行为的工具。黄牌是警告，两黄变一红。红牌是直接罚下，被罚下的球员不能继续比赛，且球队不能用替补替换他，球队将少一人作战。严重犯规或暴力行为可直接红牌罚下。
苏超是什么,苏格兰足球超级联赛（Scottish Premiership）是苏格兰最高级别的足球联赛。苏超成立于1890年，是世界上最古老的足球联赛之一。凯尔特人和格拉斯哥流浪者是苏超最著名的两支球队，被称为"老字号德比"。
什么是4-4-2阵型,4-4-2是足球中最经典的阵型之一，由4名后卫、4名中场和2名前锋组成。这种阵型攻守平衡，中场覆盖范围大，是许多球队的首选阵型。弗格森爵士的曼联就是4-4-2的代表。
什么是4-3-3阵型,4-3-3阵型由4名后卫、3名中场和3名前锋组成。这是现代足球中最流行的进攻阵型之一，强调边路突破和高位逼抢。瓜迪奥拉的巴塞罗那就是用4-3-3打出了"tiki-taka"传说。
什么是足球裁判手势,裁判手势是裁判员用来传达判罚决定的身体语言。直接任意球——手臂指向进攻方向；间接任意球——手臂举起；点球——指向点球点；有利原则——双手前伸；角球——指向角球区；球门球——指向球门区。
什么是任意球,任意球是足球比赛因犯规暂停后恢复比赛的一种方式。分为直接任意球（可以直接射门得分）和间接任意球（必须触碰另一名球员后才能进球）。精彩的任意球直接破门被称为"圆月弯刀"或"电梯球"。
怎样看懂足球数据,关键数据包括：控球率（反映场面控制力）、射门次数/射正次数（进攻效率）、传球次数/传球成功率（技术能力）、抢断/拦截（防守贡献）。综合这些数据能帮助你更客观地评判比赛表现。
谁是GOAT,GOAT是Greatest Of All Time的缩写。关于谁是足球GOAT一直有激烈争论！梅西拥有8次金球奖和世界杯冠军，C罗拥有5次欧冠和欧洲杯冠军，贝利有3次世界杯冠军，马拉多纳有"一个人的世界杯"。每个人心中都有自己的答案！
怎样提高射门准确率,1. 用脚内侧推射，把握更大；2. 看门将位置再射；3. 射门前抬头看一眼球门；4. 打门柱内侧；5. 抽射时重心压低。记住——射正比射猛更重要！
足球有哪些重要赛事,俱乐部层面：欧冠、英超、西甲、意甲、德甲、法甲、世俱杯。国家队层面：世界杯（最重要）、欧洲杯、美洲杯、亚洲杯、非洲杯、奥运会男足。苏超也是苏格兰地区的重要足球赛事！
你好,你好呀！我是足球小七，你的足球小助手。有什么足球方面的问题想问我吗？无论是比赛规则、球队信息还是足球趣闻，我都很乐意和你聊！
谢谢,不客气！很高兴能帮到你。如果还有什么足球相关的疑问，随时问我哦~
再见,再见！期待下次和你继续聊足球。记住——足球是圆的，一切皆有可能！祝你生活愉快！
什么是中场发动机,中场发动机是指球队中负责组织进攻的核心中场球员。他们通常拥有出色的传球视野、控球能力和比赛阅读能力，是球队进攻的"大脑"。比如德布劳内、莫德里奇、哈维和伊涅斯塔都是顶级的中场发动机。
什么是高位逼抢,高位逼抢是一种防守策略，指球队在前场就积极压迫对方持球队员，迫使对方出现失误从而在前场抢回球权。这种战术要求全队体能充沛、跑动积极。克洛普的利物浦和瓜迪奥拉的曼城都是高位逼抢的代表球队。
怎样判断一个好门将,好的守门员需要具备：1. 快速的反应和扑救能力；2. 良好的位置感和出击判断；3. 强大的心理素质和指挥防线能力；4. 脚下技术（现代门将要求能参与后场传导）。布冯和诺伊尔是不同时代的顶级门将代表。
什么是传控足球,传控足球（tiki-taka）是一种以短传和控球为基础的足球风格，通过保持球权来控制比赛节奏。核心思想是"如果你控着球，对方就进不了球"。巴萨和西班牙国家队曾经用传控足球统治了世界足坛。
足球有几名队员,一场足球比赛每队上场11人（包括1名守门员），双方共22名球员。每场比赛每队可以有3-5个换人名额（根据赛事规定不同）。替补席上通常还有7-12名候补球员。
什么是反击战术,防守反击是一种先稳固防守、再利用对方进攻留下的空档快速推进的战术。通常弱队对阵强队时会采用这种策略。穆里尼奥的球队就以防守反击著称，后场断球后迅速发动致命一击。
什么是足球阵型,足球阵型是球员在场上的站位排列，通常用"后卫数-中场数-前锋数"表示。常见的有4-4-2、4-3-3、3-5-2、4-2-3-1等。不同阵型适合不同战术风格，教练会根据自己球队特点和对手情况来选择阵型。
怎样才能踢好足球,1. 基本功最重要——从停球、传球开始练习；2. 多看比赛学习战术意识；3. 多踢多练找到自己的位置和特点；4. 体力训练不能少——跑步、核心力量、敏捷性；5. 最重要的是——保持对足球的热爱！
什么是足球越位位置,球员处于越位位置必须同时满足三个条件：1. 在对方半场；2. 比倒数第二名防守球员（含门将）更接近对方球门线；3. 参与了比赛。只有"在越位位置"并且"参与了比赛"才会被判越位犯规。
什么是角球,角球是当防守方最后触球导致球整体越过己方球门线（但不算进球）时，由进攻方在最近的角球区开出的定位球。角球是重要的进球机会，不少球队都有专门的角球战术，包括短角球和角球传中争顶等方式。
足球中的442和433有什么区别,442阵型主打攻守平衡，中场4人站成一条线，适合传统的英式打法；433阵型主打进攻，3前锋压制对方防线，对边锋速度和突破能力要求高。442更稳定保守，433更激进开放，选择取决于教练的战术理念。
